name,power,accuracy,PP,description
"10,000,000 Volt Thunderbolt",195,1.0,1,Very high critical hit ratio.
Absorb,20,1.0,40,User recovers 50% of the damage dealt.
Accelerock,40,1.0,32,Usually goes first.
Acid,40,1.0,48,10% chance to lower the foe(s) Sp. Def by 1.
Acid Armor,0,1.0,32,Raises the user's Defense by 2.
Acid Downpour,1,1.0,1,Power is equal to the base move's Z-Power.
Acid Spray,40,1.0,32,100% chance to lower the target's Sp. Def by 2.
Acrobatics,55,1.0,24,Power doubles if the user has no held item.
Acupressure,0,1.0,48,Raises a random stat of the user or an ally by 2.
Aerial Ace,60,1.0,32,This move does not check accuracy.
Aeroblast,100,0.9501953125,8,High critical hit ratio.
After You,0,1.0,24,The target makes its move right after the user.
Agility,0,1.0,48,Raises the user's Speed by 2.
Air Cutter,60,0.9501953125,40,High critical hit ratio. Hits adjacent foes.
Air Slash,75,0.9501953125,24,30% chance to make the target flinch.
All-Out Pummeling,1,1.0,1,Power is equal to the base move's Z-Power.
Ally Switch,0,1.0,24,The user swaps positions with its ally.
Amnesia,0,1.0,32,Raises the user's Sp. Def by 2.
Anchor Shot,80,1.0,32,Prevents the target from switching out.
Ancient Power,60,1.0,8,10% chance to raise all stats by 1 (not acc/eva).
Apple Acid,80,1.0,16,100% chance to lower the target's Sp. Def by 1.
Aqua Jet,40,1.0,32,Usually goes first.
Aqua Ring,0,1.0,32,User recovers 1/16 max HP per turn.
Aqua Tail,90,0.89990234375,16,No additional effect.
Arm Thrust,15,1.0,32,Hits 2-5 times in one turn.
Aromatherapy,0,1.0,8,Cures the user's party of all status conditions.
Aromatic Mist,0,1.0,32,Raises an ally's Sp. Def by 1.
Assist,0,1.0,32,Uses a random move known by a team member.
Assurance,60,1.0,16,Power doubles if target was damaged this turn.
Astonish,30,1.0,24,30% chance to make the target flinch.
Astral Barrage,120,1.0,8,No additional effect. Hits adjacent foes.
Attack Order,90,1.0,24,High critical hit ratio.
Attract,0,1.0,24,A target of the opposite gender gets infatuated.
Aura Sphere,80,1.0,32,This move does not check accuracy.
Aura Wheel,110,1.0,16,Morpeko: Electric; Hangry: Dark; 100% +1 Spe.
Aurora Beam,65,1.0,32,10% chance to lower the target's Attack by 1.
Aurora Veil,0,1.0,32,"For 5 turns, damage to allies is halved. Hail only."
Autotomize,0,1.0,24,Raises the user's Speed by 2; user loses 100 kg.
Avalanche,60,1.0,16,Power doubles if user is damaged by the target.
Baby-Doll Eyes,0,1.0,48,Lowers the target's Attack by 1.
Baddy Bad,80,0.9501953125,24,Summons Reflect.
Baneful Bunker,0,1.0,16,Protects from moves. Contact: poison.
Barrage,15,0.85009765625,32,Hits 2-5 times in one turn.
Barrier,0,1.0,32,Raises the user's Defense by 2.
Baton Pass,0,1.0,64,"User switches, passing stat changes and more."
Beak Blast,100,1.0,24,Burns on contact with the user before it moves.
Beat Up,,1.0,16,All healthy allies aid in damaging the target.
Behemoth Bash,100,1.0,8,Damage doubles if the target is Dynamaxed.
Behemoth Blade,100,1.0,8,Damage doubles if the target is Dynamaxed.
Belch,120,0.89990234375,16,Cannot be selected until the user eats a Berry.
Belly Drum,0,1.0,16,User loses 50% max HP. Maximizes Attack.
Bestow,0,1.0,24,User passes its held item to the target.
Bide,,1.0,16,Waits 2 turns; deals double the damage taken.
Bind,15,0.85009765625,32,Traps and damages the target for 4-5 turns.
Bite,60,1.0,40,30% chance to make the target flinch.
Black Hole Eclipse,1,1.0,1,Power is equal to the base move's Z-Power.
Blast Burn,150,0.89990234375,8,User cannot move next turn.
Blaze Kick,85,0.89990234375,16,High critical hit ratio. 10% chance to burn.
Blizzard,110,0.7001953125,8,10% chance to freeze foe(s). Can't miss in hail.
Block,0,1.0,8,Prevents the target from switching out.
Bloom Doom,1,1.0,1,Power is equal to the base move's Z-Power.
Blue Flare,130,0.85009765625,8,20% chance to burn the target.
Body Press,80,1.0,16,Uses user's Def stat as Atk in damage calculation.
Body Slam,85,1.0,24,30% chance to paralyze the target.
Bolt Beak,85,1.0,16,Power doubles if user moves before the target.
Bolt Strike,130,0.85009765625,8,20% chance to paralyze the target.
Bone Club,65,0.85009765625,32,10% chance to make the target flinch.
Bonemerang,50,0.89990234375,16,Hits 2 times in one turn.
Bone Rush,25,0.89990234375,16,Hits 2-5 times in one turn.
Boomburst,140,1.0,16,No additional effect. Hits adjacent Pokemon.
Bounce,85,0.85009765625,8,Bounces turn 1. Hits turn 2. 30% paralyze.
Bouncy Bubble,60,1.0,32,User recovers 50% of the damage dealt.
Branch Poke,40,1.0,64,No additional effect.
Brave Bird,120,1.0,24,Has 33% recoil.
Breaking Swipe,60,1.0,24,100% chance to lower the foe(s) Attack by 1.
Breakneck Blitz,1,1.0,1,Power is equal to the base move's Z-Power.
Brick Break,75,1.0,24,"Destroys screens, unless the target is immune."
Brine,65,1.0,16,Power doubles if the target's HP is 50% or less.
Brutal Swing,60,1.0,32,No additional effect. Hits adjacent Pokemon.
Bubble,40,1.0,48,10% chance to lower the foe(s) Speed by 1.
Bubble Beam,65,1.0,32,10% chance to lower the target's Speed by 1.
Bug Bite,60,1.0,32,User steals and eats the target's Berry.
Bug Buzz,90,1.0,16,10% chance to lower the target's Sp. Def by 1.
Bulk Up,0,1.0,32,Raises the user's Attack and Defense by 1.
Bulldoze,60,1.0,32,100% chance lower adjacent Pkmn Speed by 1.
Bullet Punch,40,1.0,48,Usually goes first.
Bullet Seed,25,1.0,48,Hits 2-5 times in one turn.
Burning Jealousy,70,1.0,8,100% burns a target that had a stat rise this turn.
Burn Up,130,1.0,8,User's Fire type becomes typeless; must be Fire.
Buzzy Buzz,60,1.0,32,100% chance to paralyze the foe.
Calm Mind,0,1.0,32,Raises the user's Sp. Atk and Sp. Def by 1.
Camouflage,0,1.0,32,Changes user's type by terrain (default Normal).
Captivate,0,1.0,32,Lowers the foe(s) Sp. Atk by 2 if opposite gender.
Catastropika,210,1.0,1,No additional effect.
Celebrate,0,1.0,64,No competitive use.
Charge,0,1.0,32,"+1 SpD, user's Electric move next turn 2x power."
Charge Beam,50,0.89990234375,16,70% chance to raise the user's Sp. Atk by 1.
Charm,0,1.0,32,Lowers the target's Attack by 2.
Chatter,65,1.0,32,100% chance to confuse the target.
Chip Away,70,1.0,32,Ignores the target's stat stage changes.
Circle Throw,60,0.89990234375,16,Forces the target to switch to a random ally.
Clamp,35,0.85009765625,24,Traps and damages the target for 4-5 turns.
Clanging Scales,110,1.0,8,Lowers the user's Defense by 1.
Clangorous Soul,0,1.0,8,User loses 33% of its max HP. +1 to all stats.
Clangorous Soulblaze,185,1.0,1,Raises the user's Atk/Def/SpAtk/SpDef/Spe by 1.
Clear Smog,50,1.0,24,Resets all of the target's stat stages to 0.
Close Combat,120,1.0,8,Lowers the user's Defense and Sp. Def by 1.
Coaching,0,1.0,16,Raises an ally's Attack and Defense by 1.
Coil,0,1.0,32,"Raises user's Attack, Defense, accuracy by 1."
Comet Punch,18,0.85009765625,24,Hits 2-5 times in one turn.
Confide,0,1.0,32,Lowers the target's Sp. Atk by 1.
Confuse Ray,0,1.0,16,Confuses the target.
Confusion,50,1.0,40,10% chance to confuse the target.
Constrict,10,1.0,56,10% chance to lower the target's Speed by 1.
Continental Crush,1,1.0,1,Power is equal to the base move's Z-Power.
Conversion,0,1.0,48,Changes user's type to match its first move.
Conversion 2,0,1.0,48,Changes user's type to resist target's last move.
Copycat,0,1.0,32,Uses the last move used in the battle.
Core Enforcer,100,1.0,16,Nullifies the foe(s) Ability if the foe(s) move first.
Corkscrew Crash,1,1.0,1,Power is equal to the base move's Z-Power.
Corrosive Gas,0,1.0,64,Removes adjacent Pokemon's held items.
Cosmic Power,0,1.0,32,Raises the user's Defense and Sp. Def by 1.
Cotton Guard,0,1.0,16,Raises the user's Defense by 3.
Cotton Spore,0,1.0,64,Lowers the target's Speed by 2.
Counter,,1.0,32,"If hit by physical attack, returns double damage."
Court Change,0,1.0,16,Swaps user's field effects with the opposing side.
Covet,60,1.0,40,"If the user has no item, it steals the target's."
Crabhammer,100,0.89990234375,16,High critical hit ratio.
Crafty Shield,0,1.0,16,Protects allies from Status moves this turn.
Cross Chop,100,0.7998046875,8,High critical hit ratio.
Cross Poison,70,1.0,32,High critical hit ratio. 10% chance to poison.
Crunch,80,1.0,24,20% chance to lower the target's Defense by 1.
Crush Claw,75,0.9501953125,16,50% chance to lower the target's Defense by 1.
Crush Grip,,1.0,8,More power the more HP the target has left.
Curse,0,1.0,16,"Curses if Ghost, else -1 Spe, +1 Atk, +1 Def."
Cut,50,0.9501953125,48,No additional effect.
Darkest Lariat,85,1.0,16,Ignores the target's stat stage changes.
Dark Pulse,80,1.0,24,20% chance to make the target flinch.
Dark Void,0,0.5,16,Darkrai: Causes the foe(s) to fall asleep.
Dazzling Gleam,80,1.0,16,No additional effect. Hits adjacent foes.
Decorate,0,1.0,24,Raises the target's Attack and Sp. Atk by 2.
Defend Order,0,1.0,16,Raises the user's Defense and Sp. Def by 1.
Defense Curl,0,1.0,64,Raises the user's Defense by 1.
Defog,0,1.0,24,-1 evasion; clears terrain and hazards on both sides.
Destiny Bond,0,1.0,8,"If an opponent knocks out the user, it also faints."
Detect,0,1.0,8,Prevents moves from affecting the user this turn.
Devastating Drake,1,1.0,1,Power is equal to the base move's Z-Power.
Diamond Storm,100,0.9501953125,8,50% chance to raise user's Defense by 2.
Dig,80,1.0,16,"Digs underground turn 1, strikes turn 2."
Disable,0,1.0,32,"For 4 turns, disables the target's last move used."
Disarming Voice,40,1.0,24,This move does not check accuracy. Hits foes.
Discharge,80,1.0,24,30% chance to paralyze adjacent Pokemon.
Dive,80,1.0,16,"Dives underwater turn 1, strikes turn 2."
Dizzy Punch,70,1.0,16,20% chance to confuse the target.
Doom Desire,140,1.0,8,Hits two turns after being used.
Double-Edge,120,1.0,24,Has 33% recoil.
Double Hit,35,0.89990234375,16,Hits 2 times in one turn.
Double Iron Bash,60,1.0,8,Hits twice. 30% chance to make the target flinch.
Double Kick,30,1.0,48,Hits 2 times in one turn.
Double Slap,15,0.85009765625,16,Hits 2-5 times in one turn.
Double Team,0,1.0,24,Raises the user's evasiveness by 1.
Draco Meteor,130,0.89990234375,8,Lowers the user's Sp. Atk by 2.
Dragon Ascent,120,1.0,8,Lowers the user's Defense and Sp. Def by 1.
Dragon Breath,60,1.0,32,30% chance to paralyze the target.
Dragon Claw,80,1.0,24,No additional effect.
Dragon Dance,0,1.0,32,Raises the user's Attack and Speed by 1.
Dragon Darts,50,1.0,16,Hits twice. Doubles: Tries to hit each foe once.
Dragon Energy,150,1.0,8,Less power as user's HP decreases. Hits foe(s).
Dragon Hammer,90,1.0,24,No additional effect.
Dragon Pulse,85,1.0,16,No additional effect.
Dragon Rage,,1.0,16,Deals 40 HP of damage to the target.
Dragon Rush,100,0.75,16,20% chance to make the target flinch.
Dragon Tail,60,0.89990234375,16,Forces the target to switch to a random ally.
Draining Kiss,50,1.0,16,User recovers 75% of the damage dealt.
Drain Punch,75,1.0,16,User recovers 50% of the damage dealt.
Dream Eater,100,1.0,24,User gains 1/2 HP inflicted. Sleeping target only.
Drill Peck,80,1.0,32,No additional effect.
Drill Run,80,0.9501953125,16,High critical hit ratio.
Drum Beating,80,1.0,16,100% chance to lower the target's Speed by 1.
Dual Chop,40,0.89990234375,24,Hits 2 times in one turn.
Dual Wingbeat,40,0.89990234375,16,Hits 2 times in one turn.
Dynamax Cannon,100,1.0,8,Damage doubles if the target is Dynamaxed.
Dynamic Punch,100,0.5,8,100% chance to confuse the target.
Earth Power,90,1.0,16,10% chance to lower the target's Sp. Def by 1.
Earthquake,100,1.0,16,Hits adjacent Pokemon. Double damage on Dig.
Echoed Voice,40,1.0,24,Power increases when used on consecutive turns.
Eerie Impulse,0,1.0,24,Lowers the target's Sp. Atk by 2.
Eerie Spell,80,1.0,8,Removes 3 PP from the target's last move.
Egg Bomb,100,0.75,16,No additional effect.
Electric Terrain,0,1.0,16,"5 turns. Grounded: +Electric power, can't sleep."
Electrify,0,1.0,32,Changes the target's move to Electric this turn.
Electro Ball,,1.0,16,More power the faster the user is than the target.
Electroweb,55,0.9501953125,24,100% chance to lower the foe(s) Speed by 1.
Embargo,0,1.0,24,"For 5 turns, the target's item has no effect."
Ember,40,1.0,40,10% chance to burn the target.
Encore,0,1.0,8,Target repeats its last move for its next 3 turns.
Endeavor,,1.0,8,Lowers the target's HP to the user's HP.
Endure,0,1.0,16,User survives attacks this turn with at least 1 HP.
Energy Ball,90,1.0,16,10% chance to lower the target's Sp. Def by 1.
Entrainment,0,1.0,24,The target's Ability changes to match the user's.
Eruption,150,1.0,8,Less power as user's HP decreases. Hits foe(s).
Eternabeam,160,0.89990234375,8,User cannot move next turn.
Expanding Force,80,1.0,16,"User on Psychic Terrain: 1.5x power, hits foes."
Explosion,250,1.0,8,Hits adjacent Pokemon. The user faints.
Extrasensory,80,1.0,32,10% chance to make the target flinch.
Extreme Evoboost,0,1.0,1,"Raises user's Atk, Def, SpA, SpD, and Spe by 2."
Extreme Speed,80,1.0,8,Nearly always goes first.
Facade,70,1.0,32,Power doubles if user is burn/poison/paralyzed.
Fairy Lock,0,1.0,16,Prevents all Pokemon from switching next turn.
Fairy Wind,40,1.0,48,No additional effect.
Fake Out,40,1.0,16,Hits first. First turn out only. 100% flinch chance.
Fake Tears,0,1.0,32,Lowers the target's Sp. Def by 2.
False Surrender,80,1.0,16,This move does not check accuracy.
False Swipe,40,1.0,64,Always leaves the target with at least 1 HP.
Feather Dance,0,1.0,24,Lowers the target's Attack by 2.
Feint,30,1.0,16,"Nullifies Detect, Protect, and Quick/Wide Guard."
Feint Attack,60,1.0,32,This move does not check accuracy.
Fell Stinger,50,1.0,40,Raises user's Attack by 3 if this KOes the target.
Fiery Dance,80,1.0,16,50% chance to raise the user's Sp. Atk by 1.
Fiery Wrath,90,1.0,16,20% chance to make the foe(s) flinch.
Final Gambit,,1.0,8,Does damage equal to the user's HP. User faints.
Fire Blast,110,0.85009765625,8,10% chance to burn the target.
Fire Fang,65,0.9501953125,24,10% chance to burn. 10% chance to flinch.
Fire Lash,80,1.0,24,100% chance to lower the target's Defense by 1.
Fire Pledge,80,1.0,16,Use with Grass or Water Pledge for added effect.
Fire Punch,75,1.0,24,10% chance to burn the target.
Fire Spin,35,0.85009765625,24,Traps and damages the target for 4-5 turns.
First Impression,90,1.0,16,Hits first. First turn out only.
Fishious Rend,85,1.0,16,Power doubles if user moves before the target.
Fissure,,0.300048828125,8,OHKOs the target. Fails if user is a lower level.
Flail,,1.0,24,More power the less HP the user has left.
Flame Burst,70,1.0,24,Damages Pokemon next to the target as well.
Flame Charge,50,1.0,32,100% chance to raise the user's Speed by 1.
Flame Wheel,60,1.0,40,10% chance to burn the target. Thaws user.
Flamethrower,90,1.0,24,10% chance to burn the target.
Flare Blitz,120,1.0,24,Has 33% recoil. 10% chance to burn. Thaws user.
Flash,0,1.0,32,Lowers the target's accuracy by 1.
Flash Cannon,80,1.0,16,10% chance to lower the target's Sp. Def by 1.
Flatter,0,1.0,24,Raises the target's Sp. Atk by 1 and confuses it.
Fleur Cannon,130,0.89990234375,8,Lowers the user's Sp. Atk by 2.
Fling,,1.0,16,Flings the user's item at the target. Power varies.
Flip Turn,60,1.0,32,User switches out after damaging the target.
Floaty Fall,90,0.9501953125,24,30% chance to make the target flinch.
Floral Healing,0,1.0,16,Heals the target by 50% of its max HP.
Flower Shield,0,1.0,16,Raises Defense by 1 of all active Grass types.
Fly,90,0.9501953125,24,"Flies up on first turn, then strikes the next turn."
Flying Press,100,0.9501953125,16,Combines Flying in its type effectiveness.
Focus Blast,120,0.7001953125,8,10% chance to lower the target's Sp. Def by 1.
Focus Energy,0,1.0,48,Raises the user's critical hit ratio by 2.
Focus Punch,150,1.0,32,Fails if the user takes damage before it hits.
Follow Me,0,1.0,32,The foes' moves target the user on the turn used.
Force Palm,60,1.0,16,30% chance to paralyze the target.
Foresight,0,1.0,64,"Fighting, Normal hit Ghost. Evasiveness ignored."
Forest's Curse,0,1.0,32,Adds Grass to the target's type(s).
Foul Play,95,1.0,24,Uses target's Attack stat in damage calculation.
Freeze-Dry,70,1.0,32,10% chance to freeze. Super effective on Water.
Freeze Shock,140,0.89990234375,8,Charges turn 1. Hits turn 2. 30% paralyze.
Freezing Glare,90,1.0,16,10% chance to freeze the target.
Freezy Frost,100,0.89990234375,16,Eliminates all stat changes.
Frenzy Plant,150,0.89990234375,8,User cannot move next turn.
Frost Breath,60,0.89990234375,16,Always results in a critical hit.
Frustration,,1.0,32,Max 102 power at minimum Happiness.
Fury Attack,15,0.85009765625,32,Hits 2-5 times in one turn.
Fury Cutter,40,0.9501953125,32,"Power doubles with each hit, up to 160."
Fury Swipes,18,0.7998046875,24,Hits 2-5 times in one turn.
Fusion Bolt,100,1.0,8,Power doubles if used after Fusion Flare this turn.
Fusion Flare,100,1.0,8,Power doubles if used after Fusion Bolt this turn.
Future Sight,120,1.0,16,Hits two turns after being used.
Gastro Acid,0,1.0,16,Nullifies the target's Ability.
Gear Grind,50,0.85009765625,24,Hits 2 times in one turn.
Gear Up,0,1.0,32,"Raises Atk, Sp. Atk of allies with Plus/Minus by 1."
Genesis Supernova,185,1.0,1,Summons Psychic Terrain.
Geomancy,0,1.0,16,"Charges, then raises SpA, SpD, Spe by 2 turn 2."
Giga Drain,75,1.0,16,User recovers 50% of the damage dealt.
Giga Impact,150,0.89990234375,8,User cannot move next turn.
Gigavolt Havoc,1,1.0,1,Power is equal to the base move's Z-Power.
Glacial Lance,130,1.0,8,No additional effect. Hits adjacent foes.
Glaciate,65,0.9501953125,16,100% chance to lower the foe(s) Speed by 1.
Glare,0,1.0,48,Paralyzes the target.
Glitzy Glow,80,0.9501953125,24,Summons Light Screen.
G-Max Befuddle,10,1.0,8,Base move affects power. Foes: slp or psn or par.
G-Max Cannonade,10,1.0,16,"Base move affects power. Foes: -1/6 HP, 4 turns."
G-Max Centiferno,10,1.0,8,Base move affects power. Foes: bound 4-5 turns.
G-Max Chi Strike,10,1.0,8,Base move affects power. Allies: Crit Ratio +1.
G-Max Cuddle,10,1.0,8,Base move affects power. Foes: infatuated.
G-Max Depletion,10,1.0,8,Base move affects power. Foes: last move -2 PP.
G-Max Drum Solo,160,1.0,8,Always 160 power. Ignores Abilities.
G-Max Finale,10,1.0,8,Base move affects power. Allies: +1/6 max HP.
G-Max Fireball,160,1.0,8,Always 160 power. Ignores Abilities.
G-Max Foam Burst,10,1.0,8,Base move affects power. Foes: -2 Speed.
G-Max Gold Rush,10,1.0,8,Base move affects power. Foes: confused.
G-Max Gravitas,10,1.0,8,Base move affects power. Starts Gravity.
G-Max Hydrosnipe,160,1.0,8,Always 160 power. Ignores Abilities.
G-Max Malodor,10,1.0,8,Base move affects power. Foes: poisoned.
G-Max Meltdown,10,1.0,8,Base move affects power. Foes: Tormented.
G-Max One Blow,10,1.0,8,Base move affects power. Bypasses Max Guard.
G-Max Rapid Flow,10,1.0,8,Base move affects power. Bypasses Max Guard.
G-Max Replenish,10,1.0,8,Base move affects power. 50% restores Berries.
G-Max Resonance,10,1.0,8,Base move affects power. Allies: Aurora Veil.
G-Max Sandblast,10,1.0,8,Base move affects power. Foes: bound 4-5 turns.
G-Max Smite,10,1.0,8,Base move affects power. Foes: confused.
G-Max Snooze,10,1.0,8,Base move affects power. Target: 50% Yawn.
G-Max Steelsurge,10,1.0,8,Base move affects power. Foes: Steel hazard.
G-Max Stonesurge,10,1.0,8,Base move affects power. Foes: Stealth Rock.
G-Max Stun Shock,10,1.0,16,Base move affects power. Foes: psn or par.
G-Max Sweetness,10,1.0,16,Base move affects power. Allies: status cured.
G-Max Tartness,10,1.0,16,Base move affects power. Foes: -1 evasiveness.
G-Max Terror,10,1.0,16,Base move affects power. Foes: trapped.
G-Max Vine Lash,10,1.0,16,"Base move affects power. Foes: -1/6 HP, 4 turns."
G-Max Volcalith,10,1.0,16,"Base move affects power. Foes: -1/6 HP, 4 turns."
G-Max Volt Crash,10,1.0,16,Base move affects power. Foes: paralyzed.
G-Max Wildfire,10,1.0,16,"Base move affects power. Foes: -1/6 HP, 4 turns."
G-Max Wind Rage,10,1.0,16,"Base move affects power. Ends Terrain, hazards."
Grass Knot,,1.0,32,More power the heavier the target.
Grass Pledge,80,1.0,16,Use with Fire or Water Pledge for added effect.
Grass Whistle,0,0.5498046875,24,Causes the target to fall asleep.
Grassy Glide,70,1.0,32,User on Grassy Terrain: +1 priority.
Grassy Terrain,0,1.0,16,"5 turns. Grounded: +Grass power, +1/16 max HP."
Grav Apple,80,1.0,16,Target: 100% -1 Def. During Gravity: 1.5x power.
Gravity,0,1.0,8,"5 turns: no Ground immunities, 1.67x accuracy."
Growl,0,1.0,64,Lowers the foe(s) Attack by 1.
Growth,0,1.0,32,Raises user's Attack and Sp. Atk by 1; 2 in Sun.
Grudge,0,1.0,8,"If the user faints, the attack used loses all its PP."
Guardian of Alola,,1.0,1,Does damage equal to 3/4 target's current HP.
Guard Split,0,1.0,16,Averages Defense and Sp. Def stats with target.
Guard Swap,0,1.0,16,Swaps Defense and Sp. Def changes with target.
Guillotine,,0.300048828125,8,OHKOs the target. Fails if user is a lower level.
Gunk Shot,120,0.7998046875,8,30% chance to poison the target.
Gust,40,1.0,56,"Power doubles during Bounce, Fly, and Sky Drop."
Gyro Ball,,1.0,8,More power the slower the user than the target.
Hail,0,1.0,16,"For 5 turns, hail crashes down."
Hammer Arm,100,0.89990234375,16,Lowers the user's Speed by 1.
Happy Hour,0,1.0,48,No competitive use.
Harden,0,1.0,48,Raises the user's Defense by 1.
Haze,0,1.0,48,Eliminates all stat changes.
Headbutt,70,1.0,24,30% chance to make the target flinch.
Head Charge,120,1.0,24,Has 1/4 recoil.
Head Smash,150,0.7998046875,8,Has 1/2 recoil.
Heal Bell,0,1.0,8,Cures the user's party of all status conditions.
Heal Block,0,1.0,24,"For 5 turns, the foe(s) is prevented from healing."
Healing Wish,0,1.0,16,User faints. Next hurt Pokemon is fully healed.
Heal Order,0,1.0,16,Heals the user by 50% of its max HP.
Heal Pulse,0,1.0,16,Heals the target by 50% of its max HP.
Heart Stamp,60,1.0,40,30% chance to make the target flinch.
Heart Swap,0,1.0,16,Swaps all stat changes with target.
Heat Crash,,1.0,16,More power the heavier the user than the target.
Heat Wave,95,0.89990234375,16,10% chance to burn the foe(s).
Heavy Slam,,1.0,16,More power the heavier the user than the target.
Helping Hand,0,1.0,32,One adjacent ally's move power is 1.5x this turn.
Hex,65,1.0,16,Power doubles if the target has a status ailment.
Hidden Power,60,1.0,24,Varies in type based on the user's IVs.
High Horsepower,95,0.9501953125,16,No additional effect.
High Jump Kick,130,0.89990234375,16,User is hurt by 50% of its max HP if it misses.
Hold Back,40,1.0,64,Always leaves the target with at least 1 HP.
Hold Hands,0,1.0,64,No competitive use.
Hone Claws,0,1.0,24,Raises the user's Attack and accuracy by 1.
Horn Attack,65,1.0,40,No additional effect.
Horn Drill,,0.300048828125,8,OHKOs the target. Fails if user is a lower level.
Horn Leech,75,1.0,16,User recovers 50% of the damage dealt.
Howl,0,1.0,64,Raises the user's and ally's Attack by 1.
Hurricane,110,0.7001953125,16,30% chance to confuse target. Can't miss in rain.
Hydro Cannon,150,0.89990234375,8,User cannot move next turn.
Hydro Pump,110,0.7998046875,8,No additional effect.
Hydro Vortex,1,1.0,1,Power is equal to the base move's Z-Power.
Hyper Beam,150,0.89990234375,8,User cannot move next turn.
Hyper Fang,80,0.89990234375,24,10% chance to make the target flinch.
Hyperspace Fury,100,1.0,8,Hoopa-U: Lowers user's Def by 1; breaks protect.
Hyperspace Hole,80,1.0,8,Breaks the target's protection for this turn.
Hyper Voice,90,1.0,16,No additional effect. Hits adjacent foes.
Hypnosis,0,0.60009765625,32,Causes the target to fall asleep.
Ice Ball,30,0.89990234375,32,Power doubles with each hit. Repeats for 5 turns.
Ice Beam,90,1.0,16,10% chance to freeze the target.
Ice Burn,140,0.89990234375,8,Charges turn 1. Hits turn 2. 30% burn.
Ice Fang,65,0.9501953125,24,10% chance to freeze. 10% chance to flinch.
Ice Hammer,100,0.89990234375,16,Lowers the user's Speed by 1.
Ice Punch,75,1.0,24,10% chance to freeze the target.
Ice Shard,40,1.0,48,Usually goes first.
Icicle Crash,85,0.89990234375,16,30% chance to make the target flinch.
Icicle Spear,25,1.0,48,Hits 2-5 times in one turn.
Icy Wind,55,0.9501953125,24,100% chance to lower the foe(s) Speed by 1.
Imprison,0,1.0,16,No foe can use any move known by the user.
Incinerate,60,1.0,24,Destroys the foe(s) Berry/Gem.
Inferno,100,0.5,8,100% chance to burn the target.
Inferno Overdrive,1,1.0,1,Power is equal to the base move's Z-Power.
Infestation,20,1.0,32,Traps and damages the target for 4-5 turns.
Ingrain,0,1.0,32,Traps/grounds user; heals 1/16 max HP per turn.
Instruct,0,1.0,24,The target immediately uses its last used move.
Ion Deluge,0,1.0,40,Normal moves become Electric type this turn.
Iron Defense,0,1.0,24,Raises the user's Defense by 2.
Iron Head,80,1.0,24,30% chance to make the target flinch.
Iron Tail,100,0.75,24,30% chance to lower the target's Defense by 1.
Jaw Lock,80,1.0,16,Prevents both user and target from switching out.
Judgment,100,1.0,16,Type varies based on the held Plate.
Jump Kick,100,0.9501953125,16,User is hurt by 50% of its max HP if it misses.
Jungle Healing,0,1.0,16,"User and allies: healed 1/4 max HP, status cured."
Karate Chop,50,1.0,40,High critical hit ratio.
Kinesis,0,0.7998046875,24,Lowers the target's accuracy by 1.
King's Shield,0,1.0,16,Protects from damaging attacks. Contact: -1 Atk.
Knock Off,65,1.0,32,1.5x damage if foe holds an item. Removes item.
Land's Wrath,90,1.0,16,No additional effect. Hits adjacent foes.
Laser Focus,0,1.0,48,"Until the end of the next turn, user's moves crit."
Lash Out,75,1.0,8,2x power if the user had a stat lowered this turn.
Last Resort,140,1.0,8,Fails unless each known move has been used.
Lava Plume,80,1.0,24,30% chance to burn adjacent Pokemon.
Leafage,40,1.0,64,No additional effect.
Leaf Blade,90,1.0,24,High critical hit ratio.
Leaf Storm,130,0.89990234375,8,Lowers the user's Sp. Atk by 2.
Leaf Tornado,65,0.89990234375,16,50% chance to lower the target's accuracy by 1.
Leech Life,80,1.0,16,User recovers 50% of the damage dealt.
Leech Seed,0,0.89990234375,16,1/8 of target's HP is restored to user every turn.
Leer,0,1.0,48,Lowers the foe(s) Defense by 1.
Let's Snuggle Forever,190,1.0,1,No additional effect.
Lick,30,1.0,48,30% chance to paralyze the target.
Life Dew,0,1.0,16,Heals the user and its allies by 1/4 their max HP.
Light of Ruin,140,0.89990234375,8,Has 1/2 recoil.
Light Screen,0,1.0,48,"For 5 turns, special damage to allies is halved."
Light That Burns the Sky,200,1.0,1,Physical if user's Atk > Sp. Atk. Ignores Abilities.
Liquidation,85,1.0,16,20% chance to lower the target's Defense by 1.
Lock-On,0,1.0,8,User's next move will not miss the target.
Lovely Kiss,0,0.75,16,Causes the target to fall asleep.
Low Kick,,1.0,32,More power the heavier the target.
Low Sweep,65,1.0,32,100% chance to lower the target's Speed by 1.
Lucky Chant,0,1.0,48,"For 5 turns, shields user's party from critical hits."
Lunar Dance,0,1.0,16,"User faints. Next hurt Pkmn is cured, max HP/PP."
Lunge,80,1.0,24,100% chance to lower the target's Attack by 1.
Luster Purge,70,1.0,8,50% chance to lower the target's Sp. Def by 1.
Mach Punch,40,1.0,48,Usually goes first.
Magical Leaf,60,1.0,32,This move does not check accuracy.
Magic Coat,0,1.0,24,Bounces back certain non-damaging moves.
Magic Powder,0,1.0,32,Changes the target's type to Psychic.
Magic Room,0,1.0,16,"For 5 turns, all held items have no effect."
Magma Storm,100,0.75,8,Traps and damages the target for 4-5 turns.
Magnet Bomb,60,1.0,32,This move does not check accuracy.
Magnetic Flux,0,1.0,32,"Raises Def, Sp. Def of allies with Plus/Minus by 1."
Magnet Rise,0,1.0,16,"For 5 turns, the user has immunity to Ground."
Magnitude,,1.0,48,Hits adjacent Pokemon. Power varies; 2x on Dig.
Malicious Moonsault,180,1.0,1,Damage doubles if the target used Minimize.
Mat Block,0,1.0,16,Protects allies from damaging attacks. Turn 1 only.
Max Airstream,10,1.0,16,Base move affects power. Allies: +1 Speed.
Max Darkness,10,1.0,16,Base move affects power. Foes: -1 Sp. Def.
Max Flare,100,1.0,16,Base move affects power. Starts Sunny Day.
Max Flutterby,10,1.0,16,Base move affects power. Foes: -1 Sp. Atk.
Max Geyser,10,1.0,16,Base move affects power. Starts Rain Dance.
Max Guard,0,1.0,16,Protects user from moves & Max Moves this turn.
Max Hailstorm,10,1.0,16,Base move affects power. Starts Hail.
Max Knuckle,10,1.0,16,Base move affects power. Allies: +1 Attack.
Max Lightning,10,1.0,16,Base move affects power. Starts Electric Terrain.
Max Mindstorm,10,1.0,16,Base move affects power. Starts Psychic Terrain.
Max Ooze,10,1.0,16,Base move affects power. Allies: +1 Sp. Atk.
Max Overgrowth,10,1.0,16,Base move affects power. Starts Grassy Terrain.
Max Phantasm,10,1.0,16,Base move affects power. Foes: -1 Defense.
Max Quake,10,1.0,16,Base move affects power. Allies: +1 Sp. Def.
Max Rockfall,10,1.0,16,Base move affects power. Starts Sandstorm.
Max Starfall,10,1.0,16,Base move affects power. Starts Misty Terrain.
Max Steelspike,10,1.0,16,Base move affects power. Allies: +1 Defense.
Max Strike,10,1.0,16,Base move affects power. Foes: -1 Speed.
Max Wyrmwind,10,1.0,16,Base move affects power. Foes: -1 Attack.
Mean Look,0,1.0,8,Prevents the target from switching out.
Meditate,0,1.0,64,Raises the user's Attack by 1.
Me First,0,1.0,32,Copies a foe at 1.5x power. User must be faster.
Mega Drain,40,1.0,24,User recovers 50% of the damage dealt.
Megahorn,120,0.85009765625,16,No additional effect.
Mega Kick,120,0.75,8,No additional effect.
Mega Punch,80,0.85009765625,32,No additional effect.
Memento,0,1.0,16,"Lowers target's Attack, Sp. Atk by 2. User faints."
Menacing Moonraze Maelstrom,200,1.0,1,Ignores the Abilities of other Pokemon.
Metal Burst,,1.0,16,"If hit by an attack, returns 1.5x damage."
Metal Claw,50,0.9501953125,56,10% chance to raise the user's Attack by 1.
Metal Sound,0,0.85009765625,64,Lowers the target's Sp. Def by 2.
Meteor Assault,150,1.0,8,User cannot move next turn.
Meteor Beam,120,0.89990234375,16,Raises user's Sp. Atk by 1 on turn 1. Hits turn 2.
Meteor Mash,90,0.89990234375,16,20% chance to raise the user's Attack by 1.
Metronome,0,1.0,16,Picks a random move.
Milk Drink,0,1.0,16,Heals the user by 50% of its max HP.
Mimic,0,1.0,16,The last move the target used replaces this one.
Mind Blown,150,1.0,8,User loses 50% max HP. Hits adjacent Pokemon.
Mind Reader,0,1.0,8,User's next move will not miss the target.
Minimize,0,1.0,16,Raises the user's evasiveness by 2.
Miracle Eye,0,1.0,64,Psychic hits Dark. Evasiveness ignored.
Mirror Coat,,1.0,32,"If hit by special attack, returns double damage."
Mirror Move,0,1.0,32,User uses the target's last used move against it.
Mirror Shot,65,0.85009765625,16,30% chance to lower the target's accuracy by 1.
Mist,0,1.0,48,"For 5 turns, protects user's party from stat drops."
Mist Ball,70,1.0,8,50% chance to lower the target's Sp. Atk by 1.
Misty Explosion,100,1.0,8,User faints. User on Misty Terrain: 1.5x power.
Misty Terrain,0,1.0,16,"5 turns. Can't status,-Dragon power vs grounded."
Moonblast,95,1.0,24,30% chance to lower the target's Sp. Atk by 1.
Moongeist Beam,100,1.0,8,Ignores the Abilities of other Pokemon.
Moonlight,0,1.0,8,Heals the user by a weather-dependent amount.
Morning Sun,0,1.0,8,Heals the user by a weather-dependent amount.
Mud Bomb,65,0.85009765625,16,30% chance to lower the target's accuracy by 1.
Mud Shot,55,0.9501953125,24,100% chance to lower the target's Speed by 1.
Mud-Slap,20,1.0,16,100% chance to lower the target's accuracy by 1.
Mud Sport,0,1.0,24,"For 5 turns, Electric-type attacks have 1/3 power."
Muddy Water,90,0.85009765625,16,30% chance to lower the foe(s) accuracy by 1.
Multi-Attack,120,1.0,16,Type varies based on the held Memory.
Mystical Fire,75,1.0,16,100% chance to lower the target's Sp. Atk by 1.
Nasty Plot,0,1.0,32,Raises the user's Sp. Atk by 2.
Natural Gift,,1.0,24,Power and type depends on the user's Berry.
Nature Power,0,1.0,32,Attack depends on terrain (default Tri Attack).
Nature's Madness,,0.89990234375,16,Does damage equal to 1/2 target's current HP.
Needle Arm,60,1.0,24,30% chance to make the target flinch.
Never-Ending Nightmare,1,1.0,1,Power is equal to the base move's Z-Power.
Night Daze,85,0.9501953125,16,40% chance to lower the target's accuracy by 1.
Nightmare,0,1.0,24,A sleeping target is hurt by 1/4 max HP per turn.
Night Shade,,1.0,24,Does damage equal to the user's level.
Night Slash,70,1.0,24,High critical hit ratio.
Noble Roar,0,1.0,48,Lowers the target's Attack and Sp. Atk by 1.
No Retreat,0,1.0,8,Raises all stats by 1 (not acc/eva). Traps user.
Nuzzle,20,1.0,32,100% chance to paralyze the target.
Oblivion Wing,80,1.0,16,User recovers 75% of the damage dealt.
Obstruct,0,1.0,16,Protects from damaging attacks. Contact: -2 Def.
Oceanic Operetta,195,1.0,1,No additional effect.
Octazooka,65,0.85009765625,16,50% chance to lower the target's accuracy by 1.
Octolock,0,1.0,24,"Traps target, lowers Def and SpD by 1 each turn."
Odor Sleuth,0,1.0,64,"Fighting, Normal hit Ghost. Evasiveness ignored."
Ominous Wind,60,1.0,8,10% chance to raise all stats by 1 (not acc/eva).
Origin Pulse,110,0.85009765625,16,No additional effect. Hits adjacent foes.
Outrage,120,1.0,16,Lasts 2-3 turns. Confuses the user afterwards.
Overdrive,80,1.0,16,No additional effect. Hits foe(s).
Overheat,130,0.89990234375,8,Lowers the user's Sp. Atk by 2.
Pain Split,0,1.0,32,Shares HP of user and target equally.
Paleo Wave,85,1.0,24,20% chance to lower the target's Attack by 1.
Parabolic Charge,65,1.0,32,User recovers 50% of the damage dealt.
Parting Shot,0,1.0,32,"Lowers target's Atk, Sp. Atk by 1. User switches."
Payback,50,1.0,16,Power doubles if the user moves after the target.
Pay Day,40,1.0,32,Scatters coins.
Peck,35,1.0,56,No additional effect.
Perish Song,0,1.0,8,All active Pokemon will faint in 3 turns.
Petal Blizzard,90,1.0,24,No additional effect. Hits adjacent Pokemon.
Petal Dance,120,1.0,16,Lasts 2-3 turns. Confuses the user afterwards.
Phantom Force,90,1.0,16,Disappears turn 1. Hits turn 2. Breaks protection.
Photon Geyser,100,1.0,8,Physical if user's Atk > Sp. Atk. Ignores Abilities.
Pika Papow,,1.0,32,Max happiness: 102 power. Can't miss.
Pin Missile,25,0.9501953125,32,Hits 2-5 times in one turn.
Plasma Fists,100,1.0,24,Normal moves become Electric type this turn.
Play Nice,0,1.0,32,Lowers the target's Attack by 1.
Play Rough,90,0.89990234375,16,10% chance to lower the target's Attack by 1.
Pluck,60,1.0,32,User steals and eats the target's Berry.
Poison Fang,50,1.0,24,50% chance to badly poison the target.
Poison Gas,0,0.89990234375,64,Poisons the foe(s).
Poison Jab,80,1.0,32,30% chance to poison the target.
Poison Powder,0,0.75,56,Poisons the target.
Poison Sting,15,1.0,56,30% chance to poison the target.
Poison Tail,50,1.0,40,High critical hit ratio. 10% chance to poison.
Pollen Puff,90,1.0,24,"If the target is an ally, heals 50% of its max HP."
Poltergeist,110,0.89990234375,8,Fails if the target has no held item.
Pound,40,1.0,56,No additional effect.
Powder,0,1.0,32,"If using a Fire move, target loses 1/4 max HP."
Powder Snow,40,1.0,40,10% chance to freeze the foe(s).
Power Gem,80,1.0,32,No additional effect.
Power Split,0,1.0,16,Averages Attack and Sp. Atk stats with target.
Power Swap,0,1.0,16,Swaps Attack and Sp. Atk stat stages with target.
Power Trick,0,1.0,16,Switches user's Attack and Defense stats.
Power-Up Punch,40,1.0,32,100% chance to raise the user's Attack by 1.
Power Whip,120,0.85009765625,16,No additional effect.
Precipice Blades,120,0.85009765625,16,No additional effect. Hits adjacent foes.
Present,,0.89990234375,24,"40, 80, 120 power, or heals target 1/4 max HP."
Prismatic Laser,160,1.0,16,User cannot move next turn.
Protect,0,1.0,16,Prevents moves from affecting the user this turn.
Psybeam,65,1.0,32,10% chance to confuse the target.
Psych Up,0,1.0,16,Copies the target's current stat stages.
Psychic,90,1.0,16,10% chance to lower the target's Sp. Def by 1.
Psychic Fangs,85,1.0,16,"Destroys screens, unless the target is immune."
Psychic Terrain,0,1.0,16,"5 turns. Grounded: +Psychic power, priority-safe."
Psycho Boost,140,0.89990234375,8,Lowers the user's Sp. Atk by 2.
Psycho Cut,70,1.0,32,High critical hit ratio.
Psycho Shift,0,1.0,16,Transfers the user's status ailment to the target.
Psyshock,80,1.0,16,"Damages target based on Defense, not Sp. Def."
Psystrike,100,1.0,16,"Damages target based on Defense, not Sp. Def."
Psywave,,1.0,24,Random damage equal to 0.5x-1.5x user's level.
Pulverizing Pancake,210,1.0,1,No additional effect.
Punishment,,1.0,8,60 power +20 for each of the target's stat boosts.
Purify,0,1.0,32,Cures target's status; heals user 1/2 max HP if so.
Pursuit,40,1.0,32,"If a foe is switching out, hits it at 2x power."
Pyro Ball,120,0.89990234375,8,10% chance to burn the target. Thaws user.
Quash,0,1.0,24,Forces the target to move last this turn.
Quick Attack,40,1.0,48,Usually goes first.
Quick Guard,0,1.0,24,Protects allies from priority attacks this turn.
Quiver Dance,0,1.0,32,"Raises the user's Sp. Atk, Sp. Def, Speed by 1."
Rage,20,1.0,32,Raises the user's Attack by 1 if hit during use.
Rage Powder,0,1.0,32,The foes' moves target the user on the turn used.
Rain Dance,0,1.0,8,"For 5 turns, heavy rain powers Water moves."
Rapid Spin,50,1.0,64,Free user from hazards/bind/Leech Seed; +1 Spe.
Razor Leaf,55,0.9501953125,40,High critical hit ratio. Hits adjacent foes.
Razor Shell,75,0.9501953125,16,50% chance to lower the target's Defense by 1.
Razor Wind,80,1.0,16,"Charges, then hits foe(s) turn 2. High crit ratio."
Recover,0,1.0,16,Heals the user by 50% of its max HP.
Recycle,0,1.0,16,Restores the item the user last used.
Reflect,0,1.0,32,"For 5 turns, physical damage to allies is halved."
Reflect Type,0,1.0,24,User becomes the same type as the target.
Refresh,0,1.0,32,"User cures its burn, poison, or paralysis."
Relic Song,75,1.0,16,10% chance to sleep foe(s). Meloetta transforms.
Rest,0,1.0,16,User sleeps 2 turns and restores HP and status.
Retaliate,70,1.0,8,Power doubles if an ally fainted last turn.
Return,,1.0,32,Max 102 power at maximum Happiness.
Revelation Dance,90,1.0,24,Type varies based on the user's primary type.
Revenge,60,1.0,16,Power doubles if user is damaged by the target.
Reversal,,1.0,24,More power the less HP the user has left.
Rising Voltage,70,1.0,32,2x power if target is grounded in Electric Terrain.
Roar,0,1.0,32,Forces the target to switch to a random ally.
Roar of Time,150,0.89990234375,8,User cannot move next turn.
Rock Blast,25,0.89990234375,16,Hits 2-5 times in one turn.
Rock Climb,90,0.85009765625,32,20% chance to confuse the target.
Rock Polish,0,1.0,32,Raises the user's Speed by 2.
Rock Slide,75,0.89990234375,16,30% chance to make the foe(s) flinch.
Rock Smash,40,1.0,24,50% chance to lower the target's Defense by 1.
Rock Throw,50,0.89990234375,24,No additional effect.
Rock Tomb,60,0.9501953125,24,100% chance to lower the target's Speed by 1.
Rock Wrecker,150,0.89990234375,8,User cannot move next turn.
Role Play,0,1.0,16,User replaces its Ability with the target's.
Rolling Kick,60,0.85009765625,24,30% chance to make the target flinch.
Rollout,30,0.89990234375,32,Power doubles with each hit. Repeats for 5 turns.
Roost,0,1.0,16,Heals 50% HP. Flying-type removed 'til turn ends.
Rototiller,0,1.0,16,Raises Atk/Sp. Atk of grounded Grass types by 1.
Round,60,1.0,24,Power doubles if others used Round this turn.
Sacred Fire,100,0.9501953125,8,50% chance to burn the target. Thaws user.
Sacred Sword,90,1.0,24,Ignores the target's stat stage changes.
Safeguard,0,1.0,40,"For 5 turns, protects user's party from status."
Sand Attack,0,1.0,24,Lowers the target's accuracy by 1.
Sandstorm,0,1.0,16,"For 5 turns, a sandstorm rages. Rock: 1.5x SpD."
Sand Tomb,35,0.85009765625,24,Traps and damages the target for 4-5 turns.
Sappy Seed,100,0.89990234375,16,Summons Leech Seed.
Savage Spin-Out,1,1.0,1,Power is equal to the base move's Z-Power.
Scald,80,1.0,24,30% chance to burn the target. Thaws target.
Scale Shot,25,0.89990234375,32,"Hits 2-5 times. User: -1 Def, +1 Spe after last hit."
Scary Face,0,1.0,16,Lowers the target's Speed by 2.
Scorching Sands,70,1.0,16,30% chance to burn the target. Thaws target.
Scratch,40,1.0,56,No additional effect.
Screech,0,0.85009765625,64,Lowers the target's Defense by 2.
Searing Shot,100,1.0,8,30% chance to burn adjacent Pokemon.
Searing Sunraze Smash,200,1.0,1,Ignores the Abilities of other Pokemon.
Secret Power,70,1.0,32,Effect varies with terrain. (30% paralysis chance)
Secret Sword,85,1.0,16,"Damages target based on Defense, not Sp. Def."
Seed Bomb,80,1.0,24,No additional effect.
Seed Flare,120,0.85009765625,8,40% chance to lower the target's Sp. Def by 2.
Seismic Toss,,1.0,32,Does damage equal to the user's level.
Self-Destruct,200,1.0,8,Hits adjacent Pokemon. The user faints.
Shadow Ball,80,1.0,24,20% chance to lower the target's Sp. Def by 1.
Shadow Bone,85,1.0,16,20% chance to lower the target's Defense by 1.
Shadow Claw,70,1.0,24,High critical hit ratio.
Shadow Force,120,1.0,8,Disappears turn 1. Hits turn 2. Breaks protection.
Shadow Punch,60,1.0,32,This move does not check accuracy.
Shadow Sneak,40,1.0,48,Usually goes first.
Shadow Strike,80,0.9501953125,16,50% chance to lower the target's Defense by 1.
Sharpen,0,1.0,48,Raises the user's Attack by 1.
Shattered Psyche,1,1.0,1,Power is equal to the base move's Z-Power.
Sheer Cold,,0.300048828125,8,OHKOs non-Ice targets. Fails if user's lower level.
Shell Side Arm,90,1.0,16,20% psn. Physical+contact if it would be stronger.
Shell Smash,0,1.0,24,"Lowers Def, SpD by 1; raises Atk, SpA, Spe by 2."
Shell Trap,150,1.0,8,User must take physical damage before moving.
Shift Gear,0,1.0,16,Raises the user's Speed by 2 and Attack by 1.
Shock Wave,60,1.0,32,This move does not check accuracy.
Shore Up,0,1.0,16,User restores 1/2 its max HP; 2/3 in Sandstorm.
Signal Beam,75,1.0,24,10% chance to confuse the target.
Silver Wind,60,1.0,8,10% chance to raise all stats by 1 (not acc/eva).
Simple Beam,0,1.0,24,The target's Ability becomes Simple.
Sing,0,0.5498046875,24,Causes the target to fall asleep.
Sinister Arrow Raid,180,1.0,1,No additional effect.
Sizzly Slide,60,1.0,32,100% chance to burn the foe.
Sketch,0,1.0,1,Permanently copies the last move target used.
Skill Swap,0,1.0,16,The user and the target trade Abilities.
Skitter Smack,70,0.89990234375,16,100% chance to lower target's Sp. Atk by 1.
Skull Bash,130,1.0,16,Raises user's Defense by 1 on turn 1. Hits turn 2.
Sky Attack,140,0.89990234375,8,"Charges, then hits turn 2. 30% flinch. High crit."
Sky Drop,60,1.0,16,User and foe fly up turn 1. Damages on turn 2.
Sky Uppercut,85,0.89990234375,24,"Can hit Pokemon using Bounce, Fly, or Sky Drop."
Slack Off,0,1.0,16,Heals the user by 50% of its max HP.
Slam,80,0.75,32,No additional effect.
Slash,70,1.0,32,High critical hit ratio.
Sleep Powder,0,0.75,24,Causes the target to fall asleep.
Sleep Talk,0,1.0,16,User must be asleep. Uses another known move.
Sludge,65,1.0,32,30% chance to poison the target.
Sludge Bomb,90,1.0,16,30% chance to poison the target.
Sludge Wave,95,1.0,16,10% chance to poison adjacent Pokemon.
Smack Down,50,1.0,24,Removes the target's Ground immunity.
Smart Strike,70,1.0,16,This move does not check accuracy.
Smelling Salts,70,1.0,16,"Power doubles if target is paralyzed, and cures it."
Smog,30,0.7001953125,32,40% chance to poison the target.
Smokescreen,0,1.0,32,Lowers the target's accuracy by 1.
Snap Trap,35,1.0,24,Traps and damages the target for 4-5 turns.
Snarl,55,0.9501953125,24,100% chance to lower the foe(s) Sp. Atk by 1.
Snatch,0,1.0,16,User steals certain support moves to use itself.
Snipe Shot,80,1.0,24,High critical hit ratio. Cannot be redirected.
Snore,50,1.0,24,User must be asleep. 30% chance to flinch target.
Soak,0,1.0,32,Changes the target's type to Water.
Soft-Boiled,0,1.0,16,Heals the user by 50% of its max HP.
Solar Beam,120,1.0,16,Charges turn 1. Hits turn 2. No charge in sunlight.
Solar Blade,125,1.0,16,Charges turn 1. Hits turn 2. No charge in sunlight.
Sonic Boom,,0.89990234375,32,Always does 20 HP of damage.
Soul-Stealing 7-Star Strike,195,1.0,1,No additional effect.
Spacial Rend,100,0.9501953125,8,High critical hit ratio.
Spark,65,1.0,32,30% chance to paralyze the target.
Sparkling Aria,90,1.0,16,The target is cured of its burn.
Sparkly Swirl,120,0.85009765625,8,Cures the user's party of all status conditions.
Spectral Thief,90,1.0,16,Steals target's boosts before dealing damage.
Speed Swap,0,1.0,16,Swaps Speed stat with target.
Spider Web,0,1.0,16,Prevents the target from switching out.
Spike Cannon,20,1.0,24,Hits 2-5 times in one turn.
Spikes,0,1.0,32,Hurts grounded foes on switch-in. Max 3 layers.
Spiky Shield,0,1.0,16,Protects from moves. Contact: loses 1/8 max HP.
Spirit Break,75,1.0,24,100% chance to lower the target's Sp. Atk by 1.
Spirit Shackle,80,1.0,16,Prevents the target from switching out.
Spit Up,,1.0,16,More power with more uses of Stockpile.
Spite,0,1.0,16,Lowers the PP of the target's last move by 4.
Splash,0,1.0,64,No competitive use.
Splintered Stormshards,190,1.0,1,Ends the effects of terrain.
Splishy Splash,90,1.0,24,30% chance to paralyze the target.
Spore,0,1.0,24,Causes the target to fall asleep.
Spotlight,0,1.0,24,Target's foes' moves are redirected to it this turn.
Stealth Rock,0,1.0,32,Hurts foes on switch-in. Factors Rock weakness.
Steam Eruption,110,0.9501953125,8,30% chance to burn the target. Thaws target.
Steamroller,65,1.0,32,30% chance to make the target flinch.
Steel Beam,140,0.9501953125,8,User loses 50% max HP.
Steel Roller,130,1.0,8,Fails if there is no terrain active. Ends the terrain.
Steel Wing,70,0.89990234375,40,10% chance to raise the user's Defense by 1.
Sticky Web,0,1.0,32,Lowers Speed of grounded foes by 1 on switch-in.
Stockpile,0,1.0,32,"Raises user's Defense, Sp. Def by 1. Max 3 uses."
Stoked Sparksurfer,175,1.0,1,100% chance to paralyze the target.
Stomp,65,1.0,32,30% chance to make the target flinch.
Stomping Tantrum,75,1.0,16,Power doubles if the user's last move failed.
Stone Edge,100,0.7998046875,8,High critical hit ratio.
Storm Throw,60,1.0,16,Always results in a critical hit.
Strange Steam,90,0.9501953125,16,20% chance to confuse the target.
Strength,80,1.0,24,No additional effect.
Strength Sap,0,1.0,16,User heals HP=target's Atk stat. Lowers Atk by 1.
String Shot,0,0.9501953125,64,Lowers the foe(s) Speed by 2.
Struggle,50,1.0,1,User loses 1/4 of its max HP.
Struggle Bug,50,1.0,32,100% chance to lower the foe(s) Sp. Atk by 1.
Stuff Cheeks,0,1.0,16,"Must hold Berry to use. User eats Berry, Def +2."
Stun Spore,0,0.75,48,Paralyzes the target.
Submission,80,0.7998046875,32,Has 1/4 recoil.
Substitute,0,1.0,16,User takes 1/4 its max HP to put in a substitute.
Subzero Slammer,1,1.0,1,Power is equal to the base move's Z-Power.
Sucker Punch,70,1.0,8,Usually goes first. Fails if target is not attacking.
Sunny Day,0,1.0,8,"For 5 turns, intense sunlight powers Fire moves."
Sunsteel Strike,100,1.0,8,Ignores the Abilities of other Pokemon.
Super Fang,,0.89990234375,16,Does damage equal to 1/2 target's current HP.
Superpower,120,1.0,8,Lowers the user's Attack and Defense by 1.
Supersonic,0,0.5498046875,32,Causes the target to become confused.
Supersonic Skystrike,1,1.0,1,Power is equal to the base move's Z-Power.
Surf,90,1.0,24,Hits adjacent Pokemon. Double damage on Dive.
Surging Strikes,25,1.0,8,Always results in a critical hit. Hits 3 times.
Swagger,0,0.85009765625,24,Raises the target's Attack by 2 and confuses it.
Swallow,0,1.0,16,Heals the user based on uses of Stockpile.
Sweet Kiss,0,0.75,16,Causes the target to become confused.
Sweet Scent,0,1.0,32,Lowers the foe(s) evasiveness by 2.
Swift,60,1.0,32,This move does not check accuracy. Hits foes.
Switcheroo,0,1.0,16,User switches its held item with the target's.
Swords Dance,0,1.0,32,Raises the user's Attack by 2.
Synchronoise,120,1.0,16,Hits adjacent Pokemon sharing the user's type.
Synthesis,0,1.0,8,Heals the user by a weather-dependent amount.
Tackle,40,1.0,56,No additional effect.
Tail Glow,0,1.0,32,Raises the user's Sp. Atk by 3.
Tail Slap,25,0.85009765625,16,Hits 2-5 times in one turn.
Tail Whip,0,1.0,48,Lowers the foe(s) Defense by 1.
Tailwind,0,1.0,24,"For 4 turns, allies' Speed is doubled."
Take Down,90,0.85009765625,32,Has 1/4 recoil.
Tar Shot,0,1.0,24,Target gets -1 Spe and becomes weaker to Fire.
Taunt,0,1.0,32,Target can't use status moves its next 3 turns.
Tearful Look,0,1.0,32,Lowers the target's Attack and Sp. Atk by 1.
Teatime,0,1.0,16,All active Pokemon consume held Berries.
Techno Blast,120,1.0,8,Type varies based on the held Drive.
Tectonic Rage,1,1.0,1,Power is equal to the base move's Z-Power.
Teeter Dance,0,1.0,32,Confuses adjacent Pokemon.
Telekinesis,0,1.0,24,"For 3 turns, target floats but moves can't miss it."
Teleport,0,1.0,32,User switches out.
Terrain Pulse,50,1.0,16,"User on terrain: power doubles, type varies."
Thief,60,1.0,40,"If the user has no item, it steals the target's."
Thousand Arrows,90,1.0,16,Grounds adjacent foes. First hit neutral on Flying.
Thousand Waves,90,1.0,16,Hits adjacent foes. Prevents them from switching.
Thrash,120,1.0,16,Lasts 2-3 turns. Confuses the user afterwards.
Throat Chop,80,1.0,24,"For 2 turns, the target cannot use sound moves."
Thunder,110,0.7001953125,16,30% chance to paralyze. Can't miss in rain.
Thunderbolt,90,1.0,24,10% chance to paralyze the target.
Thunder Cage,80,0.89990234375,24,Traps and damages the target for 4-5 turns.
Thunder Fang,65,0.9501953125,24,10% chance to paralyze. 10% chance to flinch.
Thunderous Kick,90,1.0,16,100% chance to lower the target's Defense by 1.
Thunder Punch,75,1.0,24,10% chance to paralyze the target.
Thunder Shock,40,1.0,48,10% chance to paralyze the target.
Thunder Wave,0,0.89990234375,32,Paralyzes the target.
Tickle,0,1.0,32,Lowers the target's Attack and Defense by 1.
Topsy-Turvy,0,1.0,32,Inverts the target's stat stages.
Torment,0,1.0,24,Target can't select the same move twice in a row.
Toxic,0,0.89990234375,16,Badly poisons the target. Poison types can't miss.
Toxic Spikes,0,1.0,32,Poisons grounded foes on switch-in. Max 2 layers.
Toxic Thread,0,1.0,32,Lowers the target's Speed by 1 and poisons it.
Transform,0,1.0,16,"Copies target's stats, moves, types, and Ability."
Tri Attack,80,1.0,16,20% chance to paralyze or burn or freeze target.
Trick,0,1.0,16,User switches its held item with the target's.
Trick-or-Treat,0,1.0,32,Adds Ghost to the target's type(s).
Trick Room,0,1.0,8,"Goes last. For 5 turns, turn order is reversed."
Triple Axel,20,0.89990234375,16,"Hits 3 times. Each hit can miss, but power rises."
Triple Kick,10,0.89990234375,16,"Hits 3 times. Each hit can miss, but power rises."
Trop Kick,70,1.0,24,100% chance to lower the target's Attack by 1.
Trump Card,,1.0,5,More power the fewer PP this move has left.
Twineedle,25,1.0,32,Hits 2 times. Each hit has 20% chance to poison.
Twinkle Tackle,1,1.0,1,Power is equal to the base move's Z-Power.
Twister,40,1.0,32,20% chance to make the foe(s) flinch.
U-turn,70,1.0,32,User switches out after damaging the target.
Uproar,90,1.0,16,Lasts 3 turns. Active Pokemon cannot fall asleep.
Vacuum Wave,40,1.0,48,Usually goes first.
V-create,180,0.9501953125,8,"Lowers the user's Defense, Sp. Def, Speed by 1."
Veevee Volley,,1.0,32,Max happiness: 102 power. Can't miss.
Venom Drench,0,1.0,32,Lowers Atk/Sp. Atk/Speed of poisoned foes by 1.
Venoshock,65,1.0,16,Power doubles if the target is poisoned.
Vine Whip,45,1.0,40,No additional effect.
Vise Grip,55,1.0,48,No additional effect.
Vital Throw,70,1.0,16,This move does not check accuracy. Goes last.
Volt Switch,70,1.0,32,User switches out after damaging the target.
Volt Tackle,120,1.0,24,Has 33% recoil. 10% chance to paralyze target.
Wake-Up Slap,70,1.0,16,"Power doubles if target is asleep, and wakes it."
Waterfall,80,1.0,24,20% chance to make the target flinch.
Water Gun,40,1.0,40,No additional effect.
Water Pledge,80,1.0,16,Use with Grass or Fire Pledge for added effect.
Water Pulse,60,1.0,32,20% chance to confuse the target.
Water Shuriken,15,1.0,32,Usually goes first. Hits 2-5 times in one turn.
Water Sport,0,1.0,24,"For 5 turns, Fire-type attacks have 1/3 power."
Water Spout,150,1.0,8,Less power as user's HP decreases. Hits foe(s).
Weather Ball,50,1.0,16,Power doubles and type varies in each weather.
Whirlpool,35,0.85009765625,24,Traps and damages the target for 4-5 turns.
Whirlwind,0,1.0,32,Forces the target to switch to a random ally.
Wicked Blow,80,1.0,8,Always results in a critical hit.
Wide Guard,0,1.0,16,Protects allies from multi-target moves this turn.
Wild Charge,90,1.0,24,Has 1/4 recoil.
Will-O-Wisp,0,0.85009765625,24,Burns the target.
Wing Attack,60,1.0,56,No additional effect.
Wish,0,1.0,16,"Next turn, 50% of the user's max HP is restored."
Withdraw,0,1.0,64,Raises the user's Defense by 1.
Wonder Room,0,1.0,16,"For 5 turns, all Defense and Sp. Def stats switch."
Wood Hammer,120,1.0,24,Has 33% recoil.
Work Up,0,1.0,48,Raises the user's Attack and Sp. Atk by 1.
Worry Seed,0,1.0,16,The target's Ability becomes Insomnia.
Wrap,15,0.89990234375,32,Traps and damages the target for 4-5 turns.
Wring Out,,1.0,8,More power the more HP the target has left.
X-Scissor,80,1.0,24,No additional effect.
Yawn,0,1.0,16,Puts the target to sleep after 1 turn.
Zap Cannon,120,0.5,8,100% chance to paralyze the target.
Zen Headbutt,80,0.89990234375,24,20% chance to make the target flinch.
Zing Zap,80,1.0,16,30% chance to make the target flinch.
Zippy Zap,80,1.0,16,Goes first. Raises user's evasion by 1.
